{"cameraMode":{"drawMode":0,"name":"Shaded","section":"Shading Mode"},"sceneLighting":false,"audioPlay":false,"sceneViewState":{"showFog":true,"showMaterialUpdate":false,"showSkybox":true,"showFlares":true,"showImageEffects":true,"showParticleSystems":true},"in2DMode":false,"pivot":{"x":-19.209339141845704,"y":-7.115190505981445,"z":9.019344329833985},"rotation":{"x":0.1331767439842224,"y":-0.5089051127433777,"z":0.08005048334598541,"w":0.8466826677322388},"size":23.391239166259767,"orthographic":false}