{"cameraMode":{"drawMode":0,"name":"Shaded","section":"Shading Mode"},"sceneLighting":true,"audioPlay":false,"sceneViewState":{"showFog":true,"showMaterialUpdate":false,"showSkybox":true,"showFlares":true,"showImageEffects":true,"showParticleSystems":true},"in2DMode":false,"pivot":{"x":0.4968959093093872,"y":-4.118260383605957,"z":0.48694300651550295},"rotation":{"x":0.5771195292472839,"y":-0.14593353867530824,"z":0.10573682934045792,"w":0.796527624130249},"size":8.21328353881836,"orthographic":false}