{"cameraMode":{"drawMode":0,"name":"Shaded","section":"Shading Mode"},"sceneLighting":true,"audioPlay":false,"sceneViewState":{"showFog":true,"showMaterialUpdate":false,"showSkybox":true,"showFlares":true,"showImageEffects":true,"showParticleSystems":true},"in2DMode":false,"pivot":{"x":11.084434509277344,"y":0.8972597122192383,"z":4.865499496459961},"rotation":{"x":-0.05105484277009964,"y":-0.6316637396812439,"z":0.04175153374671936,"w":-0.7724319100379944},"size":22.0,"orthographic":false}