{"cameraMode":{"drawMode":0,"name":"Shaded","section":"Shading Mode"},"sceneLighting":false,"audioPlay":false,"sceneViewState":{"showFog":true,"showMaterialUpdate":false,"showSkybox":true,"showFlares":true,"showImageEffects":true,"showParticleSystems":true},"in2DMode":false,"pivot":{"x":0.10787475109100342,"y":0.9161913394927979,"z":-0.22461268305778504},"rotation":{"x":0.5669901967048645,"y":-0.017548445612192155,"z":0.012081676162779332,"w":0.8234489560127258},"size":1.1783357858657838,"orthographic":false}