{"cameraMode":{"drawMode":0,"name":"Shaded","section":"Shading Mode"},"sceneLighting":false,"audioPlay":false,"sceneViewState":{"showFog":true,"showMaterialUpdate":false,"showSkybox":true,"showFlares":true,"showImageEffects":true,"showParticleSystems":true},"in2DMode":false,"pivot":{"x":-8.050000190734864,"y":0.6409999132156372,"z":-1.1920928955078126e-7},"rotation":{"x":0.21582207083702088,"y":0.3696812093257904,"z":-0.08870986849069596,"w":0.8993815779685974},"size":2.857893943786621,"orthographic":false}