{"cameraMode":{"drawMode":0,"name":"Shaded","section":"Shading Mode"},"sceneLighting":false,"audioPlay":false,"sceneViewState":{"showFog":true,"showMaterialUpdate":false,"showSkybox":true,"showFlares":true,"showImageEffects":true,"showParticleSystems":true},"in2DMode":false,"pivot":{"x":-11.32430648803711,"y":4.900952339172363,"z":-8.716554641723633},"rotation":{"x":0.19250726699829102,"y":0.4170498251914978,"z":-0.0908597856760025,"w":0.8836033940315247},"size":2.857893943786621,"orthographic":false}