{"cameraMode":{"drawMode":0,"name":"Shaded","section":"Shading Mode"},"sceneLighting":false,"audioPlay":false,"sceneViewState":{"showFog":true,"showMaterialUpdate":false,"showSkybox":true,"showFlares":true,"showImageEffects":true,"showParticleSystems":true},"in2DMode":false,"pivot":{"x":-15.616023063659668,"y":-8.062166213989258,"z":-30.598114013671876},"rotation":{"x":0.11894159764051438,"y":-0.8782014846801758,"z":0.2876407206058502,"w":0.36315006017684939},"size":19.58100700378418,"orthographic":false}