{"cameraMode":{"drawMode":0,"name":"Shaded","section":"Shading Mode"},"sceneLighting":false,"audioPlay":false,"sceneViewState":{"showFog":true,"showMaterialUpdate":false,"showSkybox":true,"showFlares":true,"showImageEffects":true,"showParticleSystems":true},"in2DMode":false,"pivot":{"x":-4.004165172576904,"y":1.1719316244125367,"z":2.3201475143432619},"rotation":{"x":0.15064097940921784,"y":0.06222817674279213,"z":-0.00949900969862938,"w":0.9865823984146118},"size":4.115352630615234,"orthographic":false}