{"cameraMode":{"drawMode":0,"name":"Shaded","section":"Shading Mode"},"sceneLighting":true,"audioPlay":false,"sceneViewState":{"showFog":true,"showMaterialUpdate":false,"showSkybox":true,"showFlares":true,"showImageEffects":true,"showParticleSystems":true},"in2DMode":false,"pivot":{"x":0.28433290123939516,"y":0.03922414407134056,"z":-0.40482205152511599},"rotation":{"x":0.046596840023994449,"y":-0.6897945404052734,"z":0.044574324041604999,"w":0.7211279273033142},"size":0.4164581000804901,"orthographic":false}