{"cameraMode":{"drawMode":0,"name":"Shaded","section":"Shading Mode"},"sceneLighting":false,"audioPlay":false,"sceneViewState":{"showFog":true,"showMaterialUpdate":false,"showSkybox":true,"showFlares":true,"showImageEffects":true,"showParticleSystems":true},"in2DMode":false,"pivot":{"x":12.869284629821778,"y":-4.5794219970703129,"z":-7.394211292266846},"rotation":{"x":-0.10805639624595642,"y":-0.8452280759811401,"z":0.18681061267852784,"w":-0.4888917803764343},"size":20.751951217651368,"orthographic":false}