{"cameraMode":{"drawMode":0,"name":"Shaded","section":"Shading Mode"},"sceneLighting":false,"audioPlay":false,"sceneViewState":{"showFog":true,"showMaterialUpdate":false,"showSkybox":true,"showFlares":true,"showImageEffects":true,"showParticleSystems":true},"in2DMode":false,"pivot":{"x":0.5773680210113525,"y":0.07519908249378205,"z":0.2421036958694458},"rotation":{"x":0.014263232238590718,"y":0.7743105292320252,"z":-0.01745949313044548,"w":0.6324041485786438},"size":2.673908233642578,"orthographic":false}